"path","last_commit","commit_author","commit_date","commit_source","size_bytes"
"Program Files\National Instruments\LabVIEW 2021\resource\dialog\lvconfig.llb\LV Config Read Numeric (I32).vi",,,,"file","10840"
"Program Files\National Instruments\LabVIEW 2021\resource\dialog\lvconfig.llb\LV Config Write Color.vi",,,,"file","7797"
"Program Files\National Instruments\LabVIEW 2021\resource\dialog\lvconfig.llb\LV Config Write String.vi",,,,"file","7810"
"t\extract\Program Files\National Instruments\LabVIEW 2021\resource\dialog\lvconfig.llb\LV Config Read Boolean.vi",,,,"file","10678"
"t\extract\Program Files\National Instruments\LabVIEW 2021\resource\dialog\lvconfig.llb\LV Config Read Color.vi",,,,"file","10808"
"t\extract\Program Files\National Instruments\LabVIEW 2021\resource\dialog\lvconfig.llb\LV Config Read String.vi",,,,"file","13325"
"t\extract\Program Files\National Instruments\LabVIEW 2021\resource\dialog\lvconfig.llb\LV Config Write Boolean.vi",,,,"file","7715"
"t\extract\Program Files\National Instruments\LabVIEW 2021\resource\plugins\IconEditor\Discover Who Invoked The Icon Editor.vi",,,,"file","9292"
"t\extract\repos\labview-icon-editor-final-fork\resource\plugins\lv_icon.vi",,,,"file","180151"
"t\extract\repos\labview-icon-editor-final-fork\resource\plugins\lv_IconEditor.lvlib",,,,"file","1999"
"t\extract\repos\labview-icon-editor-final-fork\resource\plugins\NIIconEditor\Launch Icon Editor From String.vi",,,,"file","9062"
"t\extract\repos\labview-icon-editor-final-fork\resource\plugins\NIIconEditor\Class\Ants\Ants.lvclass",,,,"file","40208"
"t\extract\repos\labview-icon-editor-final-fork\resource\plugins\NIIconEditor\Class\Ants\GET\GET_AntsLine.vi",,,,"file","8180"
"t\extract\repos\labview-icon-editor-final-fork\resource\plugins\NIIconEditor\Class\Ants\GET\GET_DelayRestartTL.vi",,,,"file","7814"
"t\extract\repos\labview-icon-editor-final-fork\resource\plugins\NIIconEditor\Class\Ants\GET\GET_DelayTL.vi",,,,"file","7791"
"t\extract\repos\labview-icon-editor-final-fork\resource\plugins\NIIconEditor\Class\Ants\GET\GET_Notifier.vi",,,,"file","8652"
"t\extract\repos\labview-icon-editor-final-fork\resource\plugins\NIIconEditor\Class\Ants\GET\GET_Picture.vi",,,,"file","7867"
"t\extract\repos\labview-icon-editor-final-fork\resource\plugins\NIIconEditor\Class\Ants\Initialization\Ants Initialization.vi",,,,"file","33399"
"t\extract\repos\labview-icon-editor-final-fork\resource\plugins\NIIconEditor\Class\Ants\Misc\CheckBoundsAndIncrement.vi",,,,"file","16911"
"t\extract\repos\labview-icon-editor-final-fork\resource\plugins\NIIconEditor\Class\Ants\Misc\FireAntsEvent.vi",,,,"file","10965"
"t\extract\repos\labview-icon-editor-final-fork\resource\plugins\NIIconEditor\Class\Ants\Misc\InsideBoundaries.vi",,,,"file","7396"
"t\extract\repos\labview-icon-editor-final-fork\resource\plugins\NIIconEditor\Class\Ants\Misc\RunningAnts.vi",,,,"file","17911"
"t\extract\repos\labview-icon-editor-final-fork\resource\plugins\NIIconEditor\Class\FakedArray\FakedArray.lvclass",,,,"file","66068"
"t\extract\repos\labview-icon-editor-final-fork\resource\plugins\NIIconEditor\Class\FakedArray\GET\GET_ActiveData.vi",,,,"file","13146"
"t\extract\repos\labview-icon-editor-final-fork\resource\plugins\NIIconEditor\Class\FakedArray\GET\GET_AllData.vi",,,,"file","7959"
"t\extract\repos\labview-icon-editor-final-fork\resource\plugins\NIIconEditor\Class\FakedArray\GET\GET_Icon.vi",,,,"file","9704"
"t\extract\repos\labview-icon-editor-final-fork\resource\plugins\NIIconEditor\Class\FakedArray\GET\GET_RowsCols.vi",,,,"file","8256"
"t\extract\repos\labview-icon-editor-final-fork\resource\plugins\NIIconEditor\Class\FakedArray\GET\GET_Scrollbar Position.vi",,,,"file","8078"
"t\extract\repos\labview-icon-editor-final-fork\resource\plugins\NIIconEditor\Class\FakedArray\GET\GET_SupportData.vi",,,,"file","8847"
"t\extract\repos\labview-icon-editor-final-fork\resource\plugins\NIIconEditor\Class\FakedArray\Initialization\Initialize FakedArray.vi",,,,"file","39465"
"t\extract\repos\labview-icon-editor-final-fork\resource\plugins\NIIconEditor\Class\FakedArray\Initialization\ResetColor.vi",,,,"file","8874"
"t\extract\repos\labview-icon-editor-final-fork\resource\plugins\NIIconEditor\Class\FakedArray\Initialization\SetActiveData_LoadedFromVI.vi",,,,"file","31822"
"t\extract\repos\labview-icon-editor-final-fork\resource\plugins\NIIconEditor\Class\FakedArray\Misc\ArrowUpDown.vi",,,,"file","11899"
"t\extract\repos\labview-icon-editor-final-fork\resource\plugins\NIIconEditor\Class\FakedArray\Misc\Ensure Visible.vi",,,,"file","11422"
"t\extract\repos\labview-icon-editor-final-fork\resource\plugins\NIIconEditor\Class\FakedArray\Misc\Get Cluster Label Number.vi",,,,"file","8344"
"t\extract\repos\labview-icon-editor-final-fork\resource\plugins\NIIconEditor\Class\FakedArray\Misc\Get Pointer From Label.vi",,,,"file","6406"
"t\extract\repos\labview-icon-editor-final-fork\resource\plugins\NIIconEditor\Class\FakedArray\Misc\GetReference.vi",,,,"file","11212"
"t\extract\repos\labview-icon-editor-final-fork\resource\plugins\NIIconEditor\Class\FakedArray\Misc\Layer_Get Active Clusters.vi",,,,"file","13765"
"t\extract\repos\labview-icon-editor-final-fork\resource\plugins\NIIconEditor\Class\FakedArray\Misc\Layer_Set Active Data BG Color.vi",,,,"file","10054"
"t\extract\repos\labview-icon-editor-final-fork\resource\plugins\NIIconEditor\Class\FakedArray\Misc\Process Template Graphics.vi",,,,"file","39129"
"t\extract\repos\labview-icon-editor-final-fork\resource\plugins\NIIconEditor\Class\FakedArray\Misc\Set active Layer programmatically.vi",,,,"file","35629"
"t\extract\repos\labview-icon-editor-final-fork\resource\plugins\NIIconEditor\Class\FakedArray\Misc\SetActiveGraphic.vi",,,,"file","12044"
"t\extract\repos\labview-icon-editor-final-fork\resource\plugins\NIIconEditor\Class\FakedArray\Misc\Templates_Set Active Data BG Color.vi",,,,"file","10174"
"t\extract\repos\labview-icon-editor-final-fork\resource\plugins\NIIconEditor\Class\FakedArray\Misc\UpdateScrollbar.vi",,,,"file","10023"
"t\extract\repos\labview-icon-editor-final-fork\resource\plugins\NIIconEditor\Class\FakedArray\Misc\UpdateSelectedData.vi",,,,"file","11186"
"t\extract\repos\labview-icon-editor-final-fork\resource\plugins\NIIconEditor\Class\FakedArray\Misc\UpdateVisibleData.vi",,,,"file","26369"
"t\extract\repos\labview-icon-editor-final-fork\resource\plugins\NIIconEditor\Class\FakedArray\SET\SET_ActiveData.vi",,,,"file","7986"
"t\extract\repos\labview-icon-editor-final-fork\resource\plugins\NIIconEditor\Class\FakedArray\SET\SET_Data.vi",,,,"file","7684"
"t\extract\repos\labview-icon-editor-final-fork\resource\plugins\NIIconEditor\Class\FakedArray\SET\SET_ScrollbarPosition.vi",,,,"file","8189"
"t\extract\repos\labview-icon-editor-final-fork\resource\plugins\NIIconEditor\Class\FakedArray\ToMoreSpecificClass\ClusterRef_2_DisplayTemplatesRef.vi",,,,"file","8088"
"t\extract\repos\labview-icon-editor-final-fork\resource\plugins\NIIconEditor\Class\Icon Library\Glyph.lvclass",,,,"file","38064"
"t\extract\repos\labview-icon-editor-final-fork\resource\plugins\NIIconEditor\Class\Icon Library\GET\GET_ActiveGlyph.vi",,,,"file","9027"
"t\extract\repos\labview-icon-editor-final-fork\resource\plugins\NIIconEditor\Class\Icon Library\GET\GET_Glyphs [].vi",,,,"file","9253"
"t\extract\repos\labview-icon-editor-final-fork\resource\plugins\NIIconEditor\Class\Icon Library\Initialization\Glyphs Initialization.vi",,,,"file","37309"
"t\extract\repos\labview-icon-editor-final-fork\resource\plugins\NIIconEditor\Class\Icon Library\Misc\FilterGlyphs.vi",,,,"file","10012"
"t\extract\repos\labview-icon-editor-final-fork\resource\plugins\NIIconEditor\Class\Icon Library\Misc\SearchGlyphs.vi",,,,"file","12616"
"t\extract\repos\labview-icon-editor-final-fork\resource\plugins\NIIconEditor\Class\Icon Library\SET\SET_ActiveGlyph.vi",,,,"file","8511"
"t\extract\repos\labview-icon-editor-final-fork\resource\plugins\NIIconEditor\Class\Icon Library\SET\SET_Glyphs [].vi",,,,"file","9265"
"t\extract\repos\labview-icon-editor-final-fork\resource\plugins\NIIconEditor\Class\Settings\Settings.lvclass",,,,"file","46172"
"t\extract\repos\labview-icon-editor-final-fork\resource\plugins\NIIconEditor\Class\Settings\GET\GET_3rd party Templates.vi",,,,"file","8239"
"t\extract\repos\labview-icon-editor-final-fork\resource\plugins\NIIconEditor\Class\Settings\GET\GET_Save_Layers_with_VI.vi",,,,"file","7891"
"t\extract\repos\labview-icon-editor-final-fork\resource\plugins\NIIconEditor\Class\Settings\GET\GET_Show.vi",,,,"file","7272"
"t\extract\repos\labview-icon-editor-final-fork\resource\plugins\NIIconEditor\Class\Settings\GET\GET_Text.vi",,,,"file","9860"
"t\extract\repos\labview-icon-editor-final-fork\resource\plugins\NIIconEditor\Class\Settings\Initialization\Settings Initialization.vi",,,,"file","33667"
"t\extract\repos\labview-icon-editor-final-fork\resource\plugins\NIIconEditor\Class\Settings\SET\SET_3rdPartyTemplates.vi",,,,"file","8157"
"t\extract\repos\labview-icon-editor-final-fork\resource\plugins\NIIconEditor\Class\Settings\SET\SET_SaveLayersWithVI.vi",,,,"file","7804"
"t\extract\repos\labview-icon-editor-final-fork\resource\plugins\NIIconEditor\Class\Settings\SET\SET_Show.vi",,,,"file","7812"
"t\extract\repos\labview-icon-editor-final-fork\resource\plugins\NIIconEditor\Class\Settings\SET\SET_Text.vi",,,,"file","9908"
"t\extract\repos\labview-icon-editor-final-fork\resource\plugins\NIIconEditor\Class\Tools\Circle.vi",,,,"file","10882"
"t\extract\repos\labview-icon-editor-final-fork\resource\plugins\NIIconEditor\Class\Tools\Dropper.vi",,,,"file","39783"
"t\extract\repos\labview-icon-editor-final-fork\resource\plugins\NIIconEditor\Class\Tools\Eraser.vi",,,,"file","62014"
"t\extract\repos\labview-icon-editor-final-fork\resource\plugins\NIIconEditor\Class\Tools\Fill.vi",,,,"file","45912"
"t\extract\repos\labview-icon-editor-final-fork\resource\plugins\NIIconEditor\Class\Tools\Line.vi",,,,"file","9540"
"t\extract\repos\labview-icon-editor-final-fork\resource\plugins\NIIconEditor\Class\Tools\Move.vi",,,,"file","57832"
"t\extract\repos\labview-icon-editor-final-fork\resource\plugins\NIIconEditor\Class\Tools\Pen.vi",,,,"file","9627"
"t\extract\repos\labview-icon-editor-final-fork\resource\plugins\NIIconEditor\Class\Tools\Rectangle.vi",,,,"file","10893"
"t\extract\repos\labview-icon-editor-final-fork\resource\plugins\NIIconEditor\Class\Tools\Selection.vi",,,,"file","9705"
"t\extract\repos\labview-icon-editor-final-fork\resource\plugins\NIIconEditor\Class\Tools\Tools Paint.lvclass",,,,"file","96975"
"t\extract\repos\labview-icon-editor-final-fork\resource\plugins\NIIconEditor\Class\Tools\GET\GET_ActiveTool.vi",,,,"file","28898"
"t\extract\repos\labview-icon-editor-final-fork\resource\plugins\NIIconEditor\Class\Tools\Misc\DoubleClick.vi",,,,"file","48087"
"t\extract\repos\labview-icon-editor-final-fork\resource\plugins\NIIconEditor\Class\Tools\SET\SET_ActiveTool.vi",,,,"file","28906"
"t\extract\repos\labview-icon-editor-final-fork\resource\plugins\NIIconEditor\Editor Position\Read Editor Position from INI.vi",,,,"file","16177"
"t\extract\repos\labview-icon-editor-final-fork\resource\plugins\NIIconEditor\Editor Position\Save Editor Position to INI.vi",,,,"file","14487"
"t\extract\repos\labview-icon-editor-final-fork\resource\plugins\NIIconEditor\Editor Position\Set Editor Position.vi",,,,"file","19339"
"t\extract\repos\labview-icon-editor-final-fork\resource\plugins\NIIconEditor\Global Variables\Data.vi",,,,"file","5116"
"t\extract\repos\labview-icon-editor-final-fork\resource\plugins\NIIconEditor\INI\Read Data From LabVIEW INI.vi",,,,"file","60986"
"t\extract\repos\labview-icon-editor-final-fork\resource\plugins\NIIconEditor\INI\Write Data to LabVIEW INI.vi",,,,"file","45473"
"t\extract\repos\labview-icon-editor-final-fork\resource\plugins\NIIconEditor\Miscellaneous\AssessRectangle.vi",,,,"file","28403"
"t\extract\repos\labview-icon-editor-final-fork\resource\plugins\NIIconEditor\Miscellaneous\Buffer for lossless tracking.vi",,,,"file","23712"
"t\extract\repos\labview-icon-editor-final-fork\resource\plugins\NIIconEditor\Miscellaneous\CalculateAntsRect.vi",,,,"file","6033"
"t\extract\repos\labview-icon-editor-final-fork\resource\plugins\NIIconEditor\Miscellaneous\Classes Initialization.vi",,,,"file","64626"
"t\extract\repos\labview-icon-editor-final-fork\resource\plugins\NIIconEditor\Miscellaneous\Connector Pane Initialization.vi",,,,"file","39961"
"t\extract\repos\labview-icon-editor-final-fork\resource\plugins\NIIconEditor\Miscellaneous\CoordinatesCorrection.vi",,,,"file","6713"
"t\extract\repos\labview-icon-editor-final-fork\resource\plugins\NIIconEditor\Miscellaneous\Create new layer_LayerName_Picture.vi",,,,"file","36706"
"t\extract\repos\labview-icon-editor-final-fork\resource\plugins\NIIconEditor\Miscellaneous\DealWithScrollbars.vi",,,,"file","15470"
"t\extract\repos\labview-icon-editor-final-fork\resource\plugins\NIIconEditor\Miscellaneous\Extract LV Icon Data.vi",,,,"file","30396"
"t\extract\repos\labview-icon-editor-final-fork\resource\plugins\NIIconEditor\Miscellaneous\Finalize Movement.vi",,,,"file","32789"
"t\extract\repos\labview-icon-editor-final-fork\resource\plugins\NIIconEditor\Miscellaneous\Finalize Text.vi",,,,"file","31725"
"t\extract\repos\labview-icon-editor-final-fork\resource\plugins\NIIconEditor\Miscellaneous\Flip color refs.vi",,,,"file","5583"
"t\extract\repos\labview-icon-editor-final-fork\resource\plugins\NIIconEditor\Miscellaneous\Get Monochrome Icon from Caller.vi",,,,"file","9855"
"t\extract\repos\labview-icon-editor-final-fork\resource\plugins\NIIconEditor\Miscellaneous\GetComparisonResult4Graphis.vi",,,,"file","7159"
"t\extract\repos\labview-icon-editor-final-fork\resource\plugins\NIIconEditor\Miscellaneous\ImageDataToIconPreview.vi",,,,"file","11122"
"t\extract\repos\labview-icon-editor-final-fork\resource\plugins\NIIconEditor\Miscellaneous\IsAntsRectValid.vi",,,,"file","6287"
"t\extract\repos\labview-icon-editor-final-fork\resource\plugins\NIIconEditor\Miscellaneous\ListGlyphsAndTemplates.vi",,,,"file","35958"
"t\extract\repos\labview-icon-editor-final-fork\resource\plugins\NIIconEditor\Miscellaneous\Load Glyph from File.vi",,,,"file","27804"
"t\extract\repos\labview-icon-editor-final-fork\resource\plugins\NIIconEditor\Miscellaneous\Magic Active Layer Constant.vi",,,,"file","4255"
"t\extract\repos\labview-icon-editor-final-fork\resource\plugins\NIIconEditor\Miscellaneous\MoveLayers.vi",,,,"file","37902"
"t\extract\repos\labview-icon-editor-final-fork\resource\plugins\NIIconEditor\Miscellaneous\PrepareData4HTML.vi",,,,"file","10264"
"t\extract\repos\labview-icon-editor-final-fork\resource\plugins\NIIconEditor\Miscellaneous\PrepareTemporaryView.vi",,,,"file","34052"
"t\extract\repos\labview-icon-editor-final-fork\resource\plugins\NIIconEditor\Miscellaneous\Process Temporary View Layers.vi",,,,"file","34993"
"t\extract\repos\labview-icon-editor-final-fork\resource\plugins\NIIconEditor\Miscellaneous\Remove invalid characters.vi",,,,"file","9725"
"t\extract\repos\labview-icon-editor-final-fork\resource\plugins\NIIconEditor\Miscellaneous\SetCursor.vi",,,,"file","52681"
"t\extract\repos\labview-icon-editor-final-fork\resource\plugins\NIIconEditor\Miscellaneous\Settings Init.vi",,,,"file","37261"
"t\extract\repos\labview-icon-editor-final-fork\resource\plugins\NIIconEditor\Miscellaneous\Settings Requested Path.vi",,,,"file","5467"
"t\extract\repos\labview-icon-editor-final-fork\resource\plugins\NIIconEditor\Miscellaneous\Settings Shutdown.vi",,,,"file","34141"
"t\extract\repos\labview-icon-editor-final-fork\resource\plugins\NIIconEditor\Miscellaneous\Specify Path Enum.vi",,,,"file","5669"
"t\extract\repos\labview-icon-editor-final-fork\resource\plugins\NIIconEditor\Miscellaneous\Truncate string.vi",,,,"file","8295"
"t\extract\repos\labview-icon-editor-final-fork\resource\plugins\NIIconEditor\Miscellaneous\Clipboard\IE Read from Clipboard.vi",,,,"file","33010"
"t\extract\repos\labview-icon-editor-final-fork\resource\plugins\NIIconEditor\Miscellaneous\Clipboard\IE Write to Clipboard.vi",,,,"file","33101"
"t\extract\repos\labview-icon-editor-final-fork\resource\plugins\NIIconEditor\Miscellaneous\Def FP Updates\Defer_FP_Updates.vi",,,,"file","6704"
"t\extract\repos\labview-icon-editor-final-fork\resource\plugins\NIIconEditor\Miscellaneous\Draw\Const Temp Coordinate 2 points.vi",,,,"file","4914"
"t\extract\repos\labview-icon-editor-final-fork\resource\plugins\NIIconEditor\Miscellaneous\Draw\Const Temp Coordinate 4 points.vi",,,,"file","5138"
"t\extract\repos\labview-icon-editor-final-fork\resource\plugins\NIIconEditor\Miscellaneous\Draw\DrawIcon.vi",,,,"file","56056"
"t\extract\repos\labview-icon-editor-final-fork\resource\plugins\NIIconEditor\Miscellaneous\Draw\IsCoordinateConstant.vi",,,,"file","5076"
"t\extract\repos\labview-icon-editor-final-fork\resource\plugins\NIIconEditor\Miscellaneous\Draw\Origin_or_TempCoordinate.vi",,,,"file","5896"
"t\extract\repos\labview-icon-editor-final-fork\resource\plugins\NIIconEditor\Miscellaneous\Draw\PixelValue.vi",,,,"file","7946"
"t\extract\repos\labview-icon-editor-final-fork\resource\plugins\NIIconEditor\Miscellaneous\Font\Linux.vi",,,,"file","12097"
"t\extract\repos\labview-icon-editor-final-fork\resource\plugins\NIIconEditor\Miscellaneous\Font\Mac.vi",,,,"file","11167"
"t\extract\repos\labview-icon-editor-final-fork\resource\plugins\NIIconEditor\Miscellaneous\Font\Populate Font ComboBox.vi",,,,"file","8026"
"t\extract\repos\labview-icon-editor-final-fork\resource\plugins\NIIconEditor\Miscellaneous\Font\Windows.vi",,,,"file","12823"
"t\extract\repos\labview-icon-editor-final-fork\resource\plugins\NIIconEditor\Miscellaneous\Glyphs\Glyph_MouseDown.vi",,,,"file","42383"
"t\extract\repos\labview-icon-editor-final-fork\resource\plugins\NIIconEditor\Miscellaneous\Glyphs\Populate Graphics.vi",,,,"file","32565"
"t\extract\repos\labview-icon-editor-final-fork\resource\plugins\NIIconEditor\Miscellaneous\Glyphs\Prepare Glyphs for Display.vi",,,,"file","9254"
"t\extract\repos\labview-icon-editor-final-fork\resource\plugins\NIIconEditor\Miscellaneous\Glyphs\SET_Glyph.vi",,,,"file","38805"
"t\extract\repos\labview-icon-editor-final-fork\resource\plugins\NIIconEditor\Miscellaneous\Glyphs\SET_ToolGraphic.vi",,,,"file","43395"
"t\extract\repos\labview-icon-editor-final-fork\resource\plugins\NIIconEditor\Miscellaneous\Glyphs\TemporaryGlyphView.vi",,,,"file","11014"
"t\extract\repos\labview-icon-editor-final-fork\resource\plugins\NIIconEditor\Miscellaneous\Graphics\BuildCategories.vi",,,,"file","14531"
"t\extract\repos\labview-icon-editor-final-fork\resource\plugins\NIIconEditor\Miscellaneous\Graphics\ChangeRefreshGraphicsState.vi",,,,"file","7418"
"t\extract\repos\labview-icon-editor-final-fork\resource\plugins\NIIconEditor\Miscellaneous\Graphics\CorruptIconErrorMessage.vi",,,,"file","3703"
"t\extract\repos\labview-icon-editor-final-fork\resource\plugins\NIIconEditor\Miscellaneous\Graphics\Filter Graphics by File Name.vi",,,,"file","9836"
"t\extract\repos\labview-icon-editor-final-fork\resource\plugins\NIIconEditor\Miscellaneous\Graphics\Filter Graphics by Folder Name.vi",,,,"file","11342"
"t\extract\repos\labview-icon-editor-final-fork\resource\plugins\NIIconEditor\Miscellaneous\Graphics\Launch Dynamically Load Graphics.vi",,,,"file","12136"
"t\extract\repos\labview-icon-editor-final-fork\resource\plugins\NIIconEditor\Miscellaneous\Graphics\LoadGraphics.vi",,,,"file","24932"
"t\extract\repos\labview-icon-editor-final-fork\resource\plugins\NIIconEditor\Miscellaneous\Graphics\LoadTemplates.vi",,,,"file","36417"
"t\extract\repos\labview-icon-editor-final-fork\resource\plugins\NIIconEditor\Miscellaneous\Graphics\Populate Tree with Categories.vi",,,,"file","11541"
"t\extract\repos\labview-icon-editor-final-fork\resource\plugins\NIIconEditor\Miscellaneous\Graphics\Pull data from disc.vi",,,,"file","15291"
"t\extract\repos\labview-icon-editor-final-fork\resource\plugins\NIIconEditor\Miscellaneous\Icon Editor\Add new Layer.vi",,,,"file","35237"
"t\extract\repos\labview-icon-editor-final-fork\resource\plugins\NIIconEditor\Miscellaneous\Icon Editor\Alignment Value Change.vi",,,,"file","31634"
"t\extract\repos\labview-icon-editor-final-fork\resource\plugins\NIIconEditor\Miscellaneous\Icon Editor\Call Keep IE in Memory.vi",,,,"file","6570"
"t\extract\repos\labview-icon-editor-final-fork\resource\plugins\NIIconEditor\Miscellaneous\Icon Editor\Change Mouse Cursor.vi",,,,"file","14255"
"t\extract\repos\labview-icon-editor-final-fork\resource\plugins\NIIconEditor\Miscellaneous\Icon Editor\Clear User Layers.vi",,,,"file","32609"
"t\extract\repos\labview-icon-editor-final-fork\resource\plugins\NIIconEditor\Miscellaneous\Icon Editor\Delete Selected Layers.vi",,,,"file","32762"
"t\extract\repos\labview-icon-editor-final-fork\resource\plugins\NIIconEditor\Miscellaneous\Icon Editor\Escape.vi",,,,"file","35146"
"t\extract\repos\labview-icon-editor-final-fork\resource\plugins\NIIconEditor\Miscellaneous\Icon Editor\Fire Body Text Change event.vi",,,,"file","6267"
"t\extract\repos\labview-icon-editor-final-fork\resource\plugins\NIIconEditor\Miscellaneous\Icon Editor\Get Icon Editor Context.vi",,,,"file","12531"
"t\extract\repos\labview-icon-editor-final-fork\resource\plugins\NIIconEditor\Miscellaneous\Icon Editor\Icon Editor Init Refs.vi",,,,"file","21753"
"t\extract\repos\labview-icon-editor-final-fork\resource\plugins\NIIconEditor\Miscellaneous\Icon Editor\Icon Initialization.vi",,,,"file","46051"
"t\extract\repos\labview-icon-editor-final-fork\resource\plugins\NIIconEditor\Miscellaneous\Icon Editor\IE Save dialog build path.vi",,,,"file","13509"
"t\extract\repos\labview-icon-editor-final-fork\resource\plugins\NIIconEditor\Miscellaneous\Icon Editor\Keep IE in Memory.vi",,,,"file","5053"
"t\extract\repos\labview-icon-editor-final-fork\resource\plugins\NIIconEditor\Miscellaneous\Icon Editor\LayerCluster_ValueChange.vi",,,,"file","41080"
"t\extract\repos\labview-icon-editor-final-fork\resource\plugins\NIIconEditor\Miscellaneous\Icon Editor\MenuSelection(User).vi",,,,"file","94779"
"t\extract\repos\labview-icon-editor-final-fork\resource\plugins\NIIconEditor\Miscellaneous\Icon Editor\Mouse Down_Glyphs.vi",,,,"file","30865"
"t\extract\repos\labview-icon-editor-final-fork\resource\plugins\NIIconEditor\Miscellaneous\Icon Editor\Mouse Down_Templates.vi",,,,"file","31088"
"t\extract\repos\labview-icon-editor-final-fork\resource\plugins\NIIconEditor\Miscellaneous\Icon Editor\Mouse Down_Tree.vi",,,,"file","7963"
"t\extract\repos\labview-icon-editor-final-fork\resource\plugins\NIIconEditor\Miscellaneous\Icon Editor\Mouse Down_User Layers.vi",,,,"file","36446"
"t\extract\repos\labview-icon-editor-final-fork\resource\plugins\NIIconEditor\Miscellaneous\Icon Editor\MouseDown_Body Text.vi",,,,"file","31563"
"t\extract\repos\labview-icon-editor-final-fork\resource\plugins\NIIconEditor\Miscellaneous\Icon Editor\MouseDown.vi",,,,"file","48053"
"t\extract\repos\labview-icon-editor-final-fork\resource\plugins\NIIconEditor\Miscellaneous\Icon Editor\MouseMove.vi",,,,"file","55613"
"t\extract\repos\labview-icon-editor-final-fork\resource\plugins\NIIconEditor\Miscellaneous\Icon Editor\PictureControl_MouseUp.vi",,,,"file","39094"
"t\extract\repos\labview-icon-editor-final-fork\resource\plugins\NIIconEditor\Miscellaneous\Icon Editor\populate tree.vi",,,,"file","18709"
"t\extract\repos\labview-icon-editor-final-fork\resource\plugins\NIIconEditor\Miscellaneous\Icon Editor\Reset layer template selection.vi",,,,"file","39898"
"t\extract\repos\labview-icon-editor-final-fork\resource\plugins\NIIconEditor\Miscellaneous\Icon Editor\RotateFlip.vi",,,,"file","35386"
"t\extract\repos\labview-icon-editor-final-fork\resource\plugins\NIIconEditor\Miscellaneous\Icon Editor\Save Graphic Overwrite.vi",,,,"file","14194"
"t\extract\repos\labview-icon-editor-final-fork\resource\plugins\NIIconEditor\Miscellaneous\Icon Editor\Save Graphic.vi",,,,"file","51284"
"t\extract\repos\labview-icon-editor-final-fork\resource\plugins\NIIconEditor\Miscellaneous\Icon Editor\Template_MouseDown.vi",,,,"file","37374"
"t\extract\repos\labview-icon-editor-final-fork\resource\plugins\NIIconEditor\Miscellaneous\Icon Editor\Update glyph path string.vi",,,,"file","31676"
"t\extract\repos\labview-icon-editor-final-fork\resource\plugins\NIIconEditor\Miscellaneous\Icon Editor\UpdateLayerView_ScrollbarChanged.vi",,,,"file","33192"
"t\extract\repos\labview-icon-editor-final-fork\resource\plugins\NIIconEditor\Miscellaneous\Icon Editor\Value Change_Body Text.vi",,,,"file","36898"
"t\extract\repos\labview-icon-editor-final-fork\resource\plugins\NIIconEditor\Miscellaneous\Icon Editor\Value Change_Top or Bottom Layer.vi",,,,"file","35220"
"t\extract\repos\labview-icon-editor-final-fork\resource\plugins\NIIconEditor\Miscellaneous\Key Down Up\Key Down Up Layers.vi",,,,"file","39590"
"t\extract\repos\labview-icon-editor-final-fork\resource\plugins\NIIconEditor\Miscellaneous\Key Down Up\KeyDown.vi",,,,"file","98507"
"t\extract\repos\labview-icon-editor-final-fork\resource\plugins\NIIconEditor\Miscellaneous\Key Down Up\KeyUp.vi",,,,"file","33593"
"t\extract\repos\labview-icon-editor-final-fork\resource\plugins\NIIconEditor\Miscellaneous\Key Down Up\Move Selected Layers.vi",,,,"file","36664"
"t\extract\repos\labview-icon-editor-final-fork\resource\plugins\NIIconEditor\Miscellaneous\Key Down Up\Process Active Data Shift Key.vi",,,,"file","11485"
"t\extract\repos\labview-icon-editor-final-fork\resource\plugins\NIIconEditor\Miscellaneous\Layer\DeleteLayer.vi",,,,"file","43003"
"t\extract\repos\labview-icon-editor-final-fork\resource\plugins\NIIconEditor\Miscellaneous\Layer\DeselectLayer.vi",,,,"file","32237"
"t\extract\repos\labview-icon-editor-final-fork\resource\plugins\NIIconEditor\Miscellaneous\Layer\LayerGraphicManipulation.vi",,,,"file","34980"
"t\extract\repos\labview-icon-editor-final-fork\resource\plugins\NIIconEditor\Miscellaneous\Layer\Separate Selected Layers.vi",,,,"file","7552"
"t\extract\repos\labview-icon-editor-final-fork\resource\plugins\NIIconEditor\Miscellaneous\Layer\Split_Layers.vi",,,,"file","7748"
"t\extract\repos\labview-icon-editor-final-fork\resource\plugins\NIIconEditor\Miscellaneous\Layer\ViewLayer.vi",,,,"file","34493"
"t\extract\repos\labview-icon-editor-final-fork\resource\plugins\NIIconEditor\Miscellaneous\Load Unload\Export_Clipboard.vi",,,,"file","30120"
"t\extract\repos\labview-icon-editor-final-fork\resource\plugins\NIIconEditor\Miscellaneous\Load Unload\Flatten Icon.vi",,,,"file","9312"
"t\extract\repos\labview-icon-editor-final-fork\resource\plugins\NIIconEditor\Miscellaneous\Load Unload\Flatten Layers.vi",,,,"file","10738"
"t\extract\repos\labview-icon-editor-final-fork\resource\plugins\NIIconEditor\Miscellaneous\Load Unload\Get Color Icon from Caller.vi",,,,"file","11158"
"t\extract\repos\labview-icon-editor-final-fork\resource\plugins\NIIconEditor\Miscellaneous\Load Unload\Import_Clipboard.vi",,,,"file","10872"
"t\extract\repos\labview-icon-editor-final-fork\resource\plugins\NIIconEditor\Miscellaneous\Load Unload\Load.vi",,,,"file","34348"
"t\extract\repos\labview-icon-editor-final-fork\resource\plugins\NIIconEditor\Miscellaneous\Load Unload\Read Data from Caller.vi",,,,"file","26537"
"t\extract\repos\labview-icon-editor-final-fork\resource\plugins\NIIconEditor\Miscellaneous\Load Unload\Read Glyphs from  File.vi",,,,"file","11586"
"t\extract\repos\labview-icon-editor-final-fork\resource\plugins\NIIconEditor\Miscellaneous\Load Unload\Reset Layer VI.vi",,,,"file","10154"
"t\extract\repos\labview-icon-editor-final-fork\resource\plugins\NIIconEditor\Miscellaneous\Load Unload\Unflatten Icon.vi",,,,"file","9802"
"t\extract\repos\labview-icon-editor-final-fork\resource\plugins\NIIconEditor\Miscellaneous\Load Unload\Unflatten Layers.vi",,,,"file","11556"
"t\extract\repos\labview-icon-editor-final-fork\resource\plugins\NIIconEditor\Miscellaneous\Load Unload\Write Data to Caller.vi",,,,"file","10612"
"t\extract\repos\labview-icon-editor-final-fork\resource\plugins\NIIconEditor\Miscellaneous\Load Unload\Write Glyphs to  File.vi",,,,"file","10649"
"t\extract\repos\labview-icon-editor-final-fork\resource\plugins\NIIconEditor\Miscellaneous\Load Unload\Write INI Tokens and VI Tags.vi",,,,"file","46148"
"t\extract\repos\labview-icon-editor-final-fork\resource\plugins\NIIconEditor\Miscellaneous\Menubar\EnableDisable Combine Layers.vi",,,,"file","8740"
"t\extract\repos\labview-icon-editor-final-fork\resource\plugins\NIIconEditor\Miscellaneous\Menubar\ShowTerminals.vi",,,,"file","31709"
"t\extract\repos\labview-icon-editor-final-fork\resource\plugins\NIIconEditor\Miscellaneous\ni.com_iconlibrary\Analyze XML stream.vi",,,,"file","8490"
"t\extract\repos\labview-icon-editor-final-fork\resource\plugins\NIIconEditor\Miscellaneous\ni.com_iconlibrary\Check whether installed.vi",,,,"file","8663"
"t\extract\repos\labview-icon-editor-final-fork\resource\plugins\NIIconEditor\Miscellaneous\ni.com_iconlibrary\Download iconlibrary files.vi",,,,"file","13298"
"t\extract\repos\labview-icon-editor-final-fork\resource\plugins\NIIconEditor\Miscellaneous\ni.com_iconlibrary\ExtractDataFromXML.vi",,,,"file","27674"
"t\extract\repos\labview-icon-editor-final-fork\resource\plugins\NIIconEditor\Miscellaneous\ni.com_iconlibrary\GET HTTP.vi",,,,"file","13172"
"t\extract\repos\labview-icon-editor-final-fork\resource\plugins\NIIconEditor\Miscellaneous\ni.com_iconlibrary\IconlibraryStuffInProgress.vi",,,,"file","14666"
"t\extract\repos\labview-icon-editor-final-fork\resource\plugins\NIIconEditor\Miscellaneous\ni.com_iconlibrary\Install Glyphs.vi",,,,"file","12186"
"t\extract\repos\labview-icon-editor-final-fork\resource\plugins\NIIconEditor\Miscellaneous\ni.com_iconlibrary\Manual User Input.vi",,,,"file","13629"
"t\extract\repos\labview-icon-editor-final-fork\resource\plugins\NIIconEditor\Miscellaneous\ni.com_iconlibrary\ni.com_iconlibrary.vi",,,,"file","36626"
"t\extract\repos\labview-icon-editor-final-fork\resource\plugins\NIIconEditor\Miscellaneous\Tools\Mouse Down.vi",,,,"file","41686"
"t\extract\repos\labview-icon-editor-final-fork\resource\plugins\NIIconEditor\Miscellaneous\Tools\Selection_PrepareIcon.vi",,,,"file","14053"
"t\extract\repos\labview-icon-editor-final-fork\resource\plugins\NIIconEditor\Miscellaneous\Tools\Selection_SetNewData.vi",,,,"file","37176"
"t\extract\repos\labview-icon-editor-final-fork\resource\plugins\NIIconEditor\Miscellaneous\Tools\Value Change_Tools.vi",,,,"file","52714"
"t\extract\repos\labview-icon-editor-final-fork\resource\plugins\NIIconEditor\Miscellaneous\Tools\ValueSignalingTool.vi",,,,"file","50502"
"t\extract\repos\labview-icon-editor-final-fork\resource\plugins\NIIconEditor\Miscellaneous\Tools\VisibleTextMarker.vi",,,,"file","32525"
"t\extract\repos\labview-icon-editor-final-fork\resource\plugins\NIIconEditor\Miscellaneous\Tools\WriteText.vi",,,,"file","40329"
"t\extract\repos\labview-icon-editor-final-fork\resource\plugins\NIIconEditor\Miscellaneous\Undo Redo\Add Data to History.vi",,,,"file","39735"
"t\extract\repos\labview-icon-editor-final-fork\resource\plugins\NIIconEditor\Miscellaneous\Undo Redo\FGV_Undo Redo.vi",,,,"file","18457"
"t\extract\repos\labview-icon-editor-final-fork\resource\plugins\NIIconEditor\Miscellaneous\Undo Redo\Replay Data from History.vi",,,,"file","44236"
"t\extract\repos\labview-icon-editor-final-fork\resource\plugins\NIIconEditor\Miscellaneous\User Events\Initialization_UserEvents.vi",,,,"file","34429"
"t\extract\repos\labview-icon-editor-final-fork\resource\plugins\NIIconEditor\Support\Create or Substitute NI_Layer layer.vi",,,,"file","10683"
"t\extract\repos\labview-icon-editor-final-fork\resource\plugins\NIIconEditor\Support\DefaultIconGlyphData.vi",,,,"file","213284"
"t\extract\repos\labview-icon-editor-final-fork\resource\plugins\NIIconEditor\Support\Icon Editor First Call.vi",,,,"file","22614"
"t\extract\repos\labview-icon-editor-final-fork\resource\plugins\NIIconEditor\Support\IE_Open Help Link.vi",,,,"file","13273"
"t\extract\repos\labview-icon-editor-final-fork\resource\plugins\NIIconEditor\Support\IE_Resolve Symbolic Paths.vi",,,,"file","8561"
"t\extract\repos\labview-icon-editor-final-fork\resource\plugins\NIIconEditor\Support\lv_icon.rtm",,,,"file","2591"
"t\extract\repos\labview-icon-editor-final-fork\resource\plugins\NIIconEditor\User Dialogs\IconEditorSettings.vi",,,,"file","45650"
"t\extract\repos\labview-icon-editor-final-fork\resource\plugins\NIIconEditor\User Dialogs\Verify Cancel.vi",,,,"file","20621"
"t\extract\repos\labview-icon-editor-final-fork\resource\plugins\NIIconEditor\User Dialogs\SubVIs\Center Dialog on Caller.vi",,,,"file","13707"
"t\extract\repos\labview-icon-editor-final-fork\resource\plugins\NIIconEditor\User Dialogs\SubVIs\Initialize_IconEditorSettings_Tree.vi",,,,"file","9986"
